feature,platform,bin_center,share
log_n_tokens,moltbook,0.7979,0.00376
log_n_tokens,moltbook,1.0073,0.02772
log_n_tokens,moltbook,1.2167,0.0
log_n_tokens,moltbook,1.4262,0.0122
log_n_tokens,moltbook,1.6356,0.0111
log_n_tokens,moltbook,1.8451,0.01642
log_n_tokens,moltbook,2.0545,0.00298
log_n_tokens,moltbook,2.2639,0.00662
log_n_tokens,moltbook,2.4734,0.02608
log_n_tokens,moltbook,2.6828,0.0089
log_n_tokens,moltbook,2.8923,0.0113
log_n_tokens,moltbook,3.1017,0.01588
log_n_tokens,moltbook,3.3111,0.02138
log_n_tokens,moltbook,3.5206,0.02268
log_n_tokens,moltbook,3.73,0.0377
log_n_tokens,moltbook,3.9395,0.0428
log_n_tokens,moltbook,4.1489,0.06768
log_n_tokens,moltbook,4.3583,0.0529
log_n_tokens,moltbook,4.5678,0.04492
log_n_tokens,moltbook,4.7772,0.05778
log_n_tokens,moltbook,4.9867,0.08516
log_n_tokens,moltbook,5.1961,0.08678
log_n_tokens,moltbook,5.4055,0.07966
log_n_tokens,moltbook,5.615,0.07684
log_n_tokens,moltbook,5.8244,0.05292
log_n_tokens,moltbook,6.0339,0.0425
log_n_tokens,moltbook,6.2433,0.03632
log_n_tokens,moltbook,6.4527,0.03814
log_n_tokens,moltbook,6.6622,0.01064
log_n_tokens,moltbook,6.8716,0.00024
log_n_tokens,reddit,0.7979,0.03193
log_n_tokens,reddit,1.0073,0.01133
log_n_tokens,reddit,1.2167,0.0
log_n_tokens,reddit,1.4262,0.01466
log_n_tokens,reddit,1.6356,0.03029
log_n_tokens,reddit,1.8451,0.04047
log_n_tokens,reddit,2.0545,0.02223
log_n_tokens,reddit,2.2639,0.04677
log_n_tokens,reddit,2.4734,0.08052
log_n_tokens,reddit,2.6828,0.06204
log_n_tokens,reddit,2.8923,0.04768
log_n_tokens,reddit,3.1017,0.02369
log_n_tokens,reddit,3.3111,0.01951
log_n_tokens,reddit,3.5206,0.01914
log_n_tokens,reddit,3.73,0.03247
log_n_tokens,reddit,3.9395,0.03435
log_n_tokens,reddit,4.1489,0.03841
log_n_tokens,reddit,4.3583,0.03526
log_n_tokens,reddit,4.5678,0.04156
log_n_tokens,reddit,4.7772,0.04835
log_n_tokens,reddit,4.9867,0.04695
log_n_tokens,reddit,5.1961,0.04635
log_n_tokens,reddit,5.4055,0.04514
log_n_tokens,reddit,5.615,0.04356
log_n_tokens,reddit,5.8244,0.03581
log_n_tokens,reddit,6.0339,0.03217
log_n_tokens,reddit,6.2433,0.02084
log_n_tokens,reddit,6.4527,0.01818
log_n_tokens,reddit,6.6622,0.0143
log_n_tokens,reddit,6.8716,0.01605
ttr,moltbook,0.0167,0.00184
ttr,moltbook,0.05,0.0
ttr,moltbook,0.0833,0.0
ttr,moltbook,0.1167,0.0
ttr,moltbook,0.15,0.0
ttr,moltbook,0.1833,4e-05
ttr,moltbook,0.2167,0.0
ttr,moltbook,0.25,0.0006
ttr,moltbook,0.2833,0.00258
ttr,moltbook,0.3167,0.0066
ttr,moltbook,0.35,0.01144
ttr,moltbook,0.3833,0.01132
ttr,moltbook,0.4167,0.01328
ttr,moltbook,0.45,0.01976
ttr,moltbook,0.4833,0.03426
ttr,moltbook,0.5167,0.07678
ttr,moltbook,0.55,0.05508
ttr,moltbook,0.5833,0.05848
ttr,moltbook,0.6167,0.06938
ttr,moltbook,0.65,0.07624
ttr,moltbook,0.6833,0.10706
ttr,moltbook,0.7167,0.07224
ttr,moltbook,0.75,0.06736
ttr,moltbook,0.7833,0.0587
ttr,moltbook,0.8167,0.04466
ttr,moltbook,0.85,0.04152
ttr,moltbook,0.8833,0.02512
ttr,moltbook,0.9167,0.0264
ttr,moltbook,0.95,0.01586
ttr,moltbook,0.9833,0.1034
ttr,reddit,0.0167,0.00176
ttr,reddit,0.05,0.0
ttr,reddit,0.0833,0.0
ttr,reddit,0.1167,6e-05
ttr,reddit,0.15,6e-05
ttr,reddit,0.1833,0.0
ttr,reddit,0.2167,0.00018
ttr,reddit,0.25,0.0
ttr,reddit,0.2833,0.0003
ttr,reddit,0.3167,0.0023
ttr,reddit,0.35,0.0083
ttr,reddit,0.3833,0.0143
ttr,reddit,0.4167,0.02036
ttr,reddit,0.45,0.02678
ttr,reddit,0.4833,0.03072
ttr,reddit,0.5167,0.03992
ttr,reddit,0.55,0.03999
ttr,reddit,0.5833,0.04441
ttr,reddit,0.6167,0.0498
ttr,reddit,0.65,0.04568
ttr,reddit,0.6833,0.05398
ttr,reddit,0.7167,0.04986
ttr,reddit,0.75,0.05792
ttr,reddit,0.7833,0.03478
ttr,reddit,0.8167,0.03241
ttr,reddit,0.85,0.03017
ttr,reddit,0.8833,0.02829
ttr,reddit,0.9167,0.04265
ttr,reddit,0.95,0.03696
ttr,reddit,0.9833,0.30807
first_person_rate,moltbook,0.0083,0.70138
first_person_rate,moltbook,0.025,0.09922
first_person_rate,moltbook,0.0417,0.06848
first_person_rate,moltbook,0.0583,0.05332
first_person_rate,moltbook,0.075,0.0359
first_person_rate,moltbook,0.0917,0.02058
first_person_rate,moltbook,0.1083,0.0109
first_person_rate,moltbook,0.125,0.0037
first_person_rate,moltbook,0.1417,0.00174
first_person_rate,moltbook,0.1583,0.00064
first_person_rate,moltbook,0.175,0.001
first_person_rate,moltbook,0.1917,0.00018
first_person_rate,moltbook,0.2083,0.00274
first_person_rate,moltbook,0.225,2e-05
first_person_rate,moltbook,0.2417,2e-05
first_person_rate,moltbook,0.2583,6e-05
first_person_rate,moltbook,0.275,0.0
first_person_rate,moltbook,0.2917,2e-05
first_person_rate,moltbook,0.3083,0.0
first_person_rate,moltbook,0.325,0.0
first_person_rate,moltbook,0.3417,8e-05
first_person_rate,moltbook,0.3583,0.0
first_person_rate,moltbook,0.375,0.0
first_person_rate,moltbook,0.3917,0.0
first_person_rate,moltbook,0.4083,2e-05
first_person_rate,moltbook,0.425,0.0
first_person_rate,moltbook,0.4417,0.0
first_person_rate,moltbook,0.4583,0.0
first_person_rate,moltbook,0.475,0.0
first_person_rate,moltbook,0.4917,0.0
first_person_rate,reddit,0.0083,0.43057
first_person_rate,reddit,0.025,0.06579
first_person_rate,reddit,0.0417,0.06513
first_person_rate,reddit,0.0583,0.06174
first_person_rate,reddit,0.075,0.06525
first_person_rate,reddit,0.0917,0.07409
first_person_rate,reddit,0.1083,0.07022
first_person_rate,reddit,0.125,0.06022
first_person_rate,reddit,0.1417,0.04356
first_person_rate,reddit,0.1583,0.01824
first_person_rate,reddit,0.175,0.01733
first_person_rate,reddit,0.1917,0.00364
first_person_rate,reddit,0.2083,0.0103
first_person_rate,reddit,0.225,0.004
first_person_rate,reddit,0.2417,0.00055
first_person_rate,reddit,0.2583,0.00327
first_person_rate,reddit,0.275,0.00073
first_person_rate,reddit,0.2917,0.00097
first_person_rate,reddit,0.3083,0.00042
first_person_rate,reddit,0.325,0.0
first_person_rate,reddit,0.3417,0.00206
first_person_rate,reddit,0.3583,0.0
first_person_rate,reddit,0.375,0.00036
first_person_rate,reddit,0.3917,0.0
first_person_rate,reddit,0.4083,0.00133
first_person_rate,reddit,0.425,0.00012
first_person_rate,reddit,0.4417,0.0
first_person_rate,reddit,0.4583,0.0
first_person_rate,reddit,0.475,0.0
first_person_rate,reddit,0.4917,0.00012
sentiment,moltbook,-0.9663,0.05042
sentiment,moltbook,-0.8996,0.02876
sentiment,moltbook,-0.833,0.02106
sentiment,moltbook,-0.7663,0.0153
sentiment,moltbook,-0.6997,0.02264
sentiment,moltbook,-0.6331,0.01338
sentiment,moltbook,-0.5664,0.01254
sentiment,moltbook,-0.4998,0.01918
sentiment,moltbook,-0.4331,0.01176
sentiment,moltbook,-0.3665,0.01106
sentiment,moltbook,-0.2998,0.01372
sentiment,moltbook,-0.2332,0.0097
sentiment,moltbook,-0.1666,0.00752
sentiment,moltbook,-0.0999,0.00792
sentiment,moltbook,-0.0333,0.1461
sentiment,moltbook,0.0334,0.00614
sentiment,moltbook,0.1,0.00916
sentiment,moltbook,0.1667,0.01008
sentiment,moltbook,0.2333,0.01156
sentiment,moltbook,0.2999,0.0142
sentiment,moltbook,0.3666,0.01556
sentiment,moltbook,0.4332,0.01968
sentiment,moltbook,0.4999,0.01836
sentiment,moltbook,0.5665,0.02306
sentiment,moltbook,0.6332,0.02334
sentiment,moltbook,0.6998,0.03868
sentiment,moltbook,0.7664,0.03684
sentiment,moltbook,0.8331,0.04982
sentiment,moltbook,0.8997,0.09378
sentiment,moltbook,0.9664,0.23868
sentiment,reddit,-0.9663,0.06943
sentiment,reddit,-0.8996,0.02435
sentiment,reddit,-0.833,0.01721
sentiment,reddit,-0.7663,0.01442
sentiment,reddit,-0.6997,0.01466
sentiment,reddit,-0.6331,0.01272
sentiment,reddit,-0.5664,0.01702
sentiment,reddit,-0.4998,0.01648
sentiment,reddit,-0.4331,0.01811
sentiment,reddit,-0.3665,0.01527
sentiment,reddit,-0.2998,0.01799
sentiment,reddit,-0.2332,0.01605
sentiment,reddit,-0.1666,0.01048
sentiment,reddit,-0.0999,0.00994
sentiment,reddit,-0.0333,0.22634
sentiment,reddit,0.0334,0.00739
sentiment,reddit,0.1,0.01296
sentiment,reddit,0.1667,0.00885
sentiment,reddit,0.2333,0.01636
sentiment,reddit,0.2999,0.01593
sentiment,reddit,0.3666,0.02278
sentiment,reddit,0.4332,0.03332
sentiment,reddit,0.4999,0.0272
sentiment,reddit,0.5665,0.02017
sentiment,reddit,0.6332,0.02508
sentiment,reddit,0.6998,0.02617
sentiment,reddit,0.7664,0.02981
sentiment,reddit,0.8331,0.0392
sentiment,reddit,0.8997,0.06277
sentiment,reddit,0.9664,0.15152
mtld,moltbook,24.6115,0.11118
mtld,moltbook,65.1223,0.29041
mtld,moltbook,105.6331,0.28942
mtld,moltbook,146.1439,0.18533
mtld,moltbook,186.6547,0.07522
mtld,moltbook,227.1654,0.02835
mtld,moltbook,267.6762,0.01078
mtld,moltbook,308.187,0.00524
mtld,moltbook,348.6978,0.00217
mtld,moltbook,389.2086,0.00077
mtld,moltbook,429.7194,0.00033
mtld,moltbook,470.2302,0.00031
mtld,moltbook,510.741,8e-05
mtld,moltbook,551.2518,3e-05
mtld,moltbook,591.7626,0.0
mtld,moltbook,632.2734,3e-05
mtld,moltbook,672.7842,0.0001
mtld,moltbook,713.295,8e-05
mtld,moltbook,753.8058,0.0
mtld,moltbook,794.3166,0.0001
mtld,moltbook,834.8274,0.0
mtld,moltbook,875.3382,0.0
mtld,moltbook,915.849,0.0
mtld,moltbook,956.3598,3e-05
mtld,moltbook,996.8706,3e-05
mtld,moltbook,1037.3814,0.0
mtld,moltbook,1077.8922,0.0
mtld,moltbook,1118.403,0.0
mtld,moltbook,1158.9138,0.0
mtld,moltbook,1199.4246,3e-05
mtld,reddit,24.6115,0.03921
mtld,reddit,65.1223,0.43695
mtld,reddit,105.6331,0.36913
mtld,reddit,146.1439,0.10821
mtld,reddit,186.6547,0.03497
mtld,reddit,227.1654,0.00895
mtld,reddit,267.6762,0.00153
mtld,reddit,308.187,0.00047
mtld,reddit,348.6978,0.00024
mtld,reddit,389.2086,0.00012
mtld,reddit,429.7194,0.00012
mtld,reddit,470.2302,0.0
mtld,reddit,510.741,0.00012
mtld,reddit,551.2518,0.0
mtld,reddit,591.7626,0.0
mtld,reddit,632.2734,0.0
mtld,reddit,672.7842,0.0
mtld,reddit,713.295,0.0
mtld,reddit,753.8058,0.0
mtld,reddit,794.3166,0.0
mtld,reddit,834.8274,0.0
mtld,reddit,875.3382,0.0
mtld,reddit,915.849,0.0
mtld,reddit,956.3598,0.0
mtld,reddit,996.8706,0.0
mtld,reddit,1037.3814,0.0
mtld,reddit,1077.8922,0.0
mtld,reddit,1118.403,0.0
mtld,reddit,1158.9138,0.0
mtld,reddit,1199.4246,0.0
